{
  "device": "cpu",
  "baseline": {
    "d_sel_DR": 0.03695725664490137,
    "d_sel_violations": 0,
    "d_sel_contrast": 4.338748890160153,
    "d_grd_gold_intrusions": 6,
    "symmetric_severity": "Set1>Set2"
  },
  "E04-H1": {
    "aniso": 0.7177519798278809,
    "kill_pass": true,
    "best_k": 2,
    "dr_ratio": 3.3908388311174575,
    "dr": 0.12531610092310524,
    "viol": 0,
    "contrast": 1.9135032730607902,
    "passed": true,
    "killed": true,
    "verdict": "Confirmed"
  },
  "E04-H2": {
    "kill_pass": true,
    "con_range": 1.6630692800187887,
    "best_tau": null,
    "con_ratio": null,
    "dr": null,
    "dr_ratio": null,
    "viol": null,
    "passed": false,
    "killed": true,
    "verdict": "Refuted"
  },
  "E04-H3": {
    "kill_pass": false,
    "recall3": 0.5680272108843537,
    "spearman": 0.6121212121212121,
    "speed_cut": 1.9391725659507069,
    "intrusions": 3,
    "t_big": 5.947670151334023,
    "t_base": 3.0671175200016783,
    "t_mini": 0.5229915109957801,
    "passed": false,
    "killed": false,
    "verdict": "Refuted (killed at gate)"
  },
  "E04-H4": {
    "kill_pass": false,
    "recall_m": 0.8537414965986395,
    "spearman": 0.9878787878787878,
    "call_cut": 4.666666666666667,
    "e2e_cut": 3.3088710818207536,
    "intrusions": 6,
    "m": 15,
    "passed": true,
    "killed": false,
    "verdict": "Refuted (killed at gate)"
  },
  "E04-H5": {
    "kill_pass": true,
    "dr_pick": "H1 anisotropy k=2",
    "speed_pick": "H4 MiniLM cascade",
    "dr_ratio": 3.3908388311174575,
    "latency_cut": 3.3088710818207536,
    "dsel_viol": 0,
    "intrusions": 6,
    "severity": "Set1>Set2",
    "sym_severity": "Set1>Set2",
    "passed": false,
    "killed": true,
    "verdict": "Refuted"
  }
}