{
  "device": "cpu",
  "baseline": {
    "d_sel_DR": 0.013636134841165746,
    "d_sel_violations": 5,
    "d_sel_contrast": 1.406831479767237,
    "d_grd_gold_intrusions": 2,
    "symmetric_severity": "Set1>Set2"
  },
  "E04-H1": {
    "aniso": 0.7148691415786743,
    "kill_pass": true,
    "best_k": 1,
    "dr_ratio": 10.751347552069975,
    "dr": 0.14660682494426344,
    "viol": 0,
    "contrast": 1.8225003949224694,
    "passed": true,
    "killed": true,
    "verdict": "Confirmed"
  },
  "E04-H2": {
    "kill_pass": true,
    "con_range": 1.200789357150364,
    "best_tau": null,
    "con_ratio": null,
    "dr": null,
    "dr_ratio": null,
    "viol": null,
    "passed": false,
    "killed": true,
    "verdict": "Refuted"
  },
  "E04-H3": {
    "kill_pass": false,
    "recall3": 0.5508771929824563,
    "spearman": 0.6727272727272726,
    "speed_cut": 1.665831761583916,
    "intrusions": 3,
    "t_big": 6.070345895001083,
    "t_base": 3.644032989999687,
    "t_mini": 0.6521599020003729,
    "passed": false,
    "killed": false,
    "verdict": "Refuted (killed at gate)"
  },
  "E04-H4": {
    "kill_pass": false,
    "recall_m": 0.8631578947368422,
    "spearman": 0.9878787878787878,
    "call_cut": 4.666666666666667,
    "e2e_cut": 3.1082982943843396,
    "intrusions": 2,
    "m": 15,
    "passed": true,
    "killed": false,
    "verdict": "Refuted (killed at gate)"
  },
  "E04-H5": {
    "kill_pass": true,
    "dr_pick": "H1 anisotropy k=1",
    "speed_pick": "H4 MiniLM cascade",
    "dr_ratio": 10.751347552069975,
    "latency_cut": 3.1082982943843396,
    "dsel_viol": 0,
    "intrusions": 2,
    "severity": "interleaved",
    "sym_severity": "Set1>Set2",
    "passed": false,
    "killed": true,
    "verdict": "Refuted"
  }
}