{
  "results": {
    "E07-H29": {
      "dsmd_max": 0.0003146505808796395
    },
    "T_sparsity": {
      "sharp_mean_entropy": 4.4477623636784724e-12,
      "diffuse_median_entropy": 0.12796282351410931,
      "gate_pass": true
    },
    "E07-H38": {
      "footrule_top_bin": 0.928812925170068,
      "above_chance": true
    },
    "E07-H39": {
      "mono": {
        "offdiag": [
          1.0,
          0
        ],
        "footrule": [
          1.0,
          0
        ],
        "kendall": [
          1.0,
          0
        ]
      },
      "bounded": {
        "offdiag": [
          0.08345404595404599,
          0.9560697635697636
        ],
        "footrule": [
          0.034615646258503406,
          0.928812925170068
        ],
        "kendall": [
          0.02943510193510197,
          0.8128109853109853
        ]
      }
    },
    "E07-H40": {
      "reorder_gated": 0.38575774296477816,
      "diffcontent_ungated": 0.2388888888868111,
      "diffcontent_gated": 0.2340804638075078,
      "diffcontent_smd": 0.4255986058915203
    },
    "E07-H41": {
      "example_base": "gold",
      "footrule": 0.4666666666666667,
      "top_mover_disp": 9.0
    },
    "E07-H43": {
      "reorder_semantic": 0.9998664082671933,
      "reorder_structure": 0.4262448979591837
    },
    "E07-H30": {
      "pp_top": 0.5042821992821993,
      "smd_flat_max": 0.0003146505808796395
    },
    "E07-H31": {
      "aligned_band": 1.0,
      "reordered_band": 0.44589410589410583
    },
    "E07-H34": {
      "gw_reorder_mean": -2.91971599978777e-10,
      "gw_cross_mean": 0.025889372400969064
    },
    "E07-H35": {
      "fgw_reorder_range": [
        1.2572900012775001e-09,
        0.00017755681818176772
      ]
    },
    "E07-H32": {
      "mass_by_k": {
        "0": 0.0,
        "1": 0.08372627372627373,
        "2": 0.16745254745254745,
        "3": 0.2511788211788212
      }
    },
    "E07-H36": {
      "rho": 0.5262911425283513,
      "ci": [
        0.3712235298416758,
        0.6593446353477573
      ]
    },
    "E07-H37": {
      "triangle_violation_rate": 0.08,
      "ms_smd": 0.08123555991915055,
      "ms_tau": 0.3287970599194523,
      "ms_gw": 0.2965966996271163
    }
  },
  "verdicts": {
    "E07-H29": {
      "verdict": "Kept (sanity)",
      "detail": "max |dSMD|=0.0003 <= 0.01; SMD provably blind to reorder"
    },
    "E07-H28": {
      "verdict": "Deferred",
      "detail": "needs >=10 real agentic conversion pairs (none exist); synthetic gap above demonstrates the precondition in principle"
    },
    "E07-H38-gate": {
      "verdict": "Pass",
      "detail": "byte-identical T entropy 0.00 (sharp) vs cross-summary median 0.13; T stays usably concentrated in the realistic regime"
    },
    "E07-H38": {
      "verdict": "Kept (upper bound)",
      "detail": "tau footrule rises to 0.93 at full reorder vs naive 0.93; separates and recovers position on sharp T"
    },
    "E07-H39": {
      "verdict": "Ship-gate (upper bound)",
      "detail": "rank normalizers monotone by construction (Spearman~1.0); off-diagonal mass saturates fast as flagged; all in [0,1]; final normalizer choice deferred to a 2nd-article fixture"
    },
    "E07-H40": {
      "verdict": "Kept (exploratory)",
      "detail": "diff-content structure reads 0.23 gated (ungated 0.24, SMD=0.43 carries the content) vs reorder 0.39 - the axis already separates content from structure; tier cells differ in arrangement too (caveat)"
    },
    "E07-H41": {
      "verdict": "Kept",
      "detail": "per-statement induced position accounts for the structure number; movers are nameable"
    },
    "E07-H43": {
      "verdict": "Kept",
      "detail": "reorder cell sits at high semantic (1.00) / low structure (0.43) closeness - a structure-only failure a single blend hides"
    },
    "E07-H30": {
      "verdict": "Kept",
      "detail": "positional penalty monotone (Spearman 1.00, 0 inversions), SMD uncorrupted (max |dSMD| 0.0003)"
    },
    "E07-H31": {
      "verdict": "Kept (kill-gate noted)",
      "detail": "SMD plan already near-diagonal on aligned pairs (1.00) and off-diagonal on reorder (0.45); OPW regularizer would add little on aligned pairs as predicted - full OPW solver deferred"
    },
    "E07-H34": {
      "verdict": "Confirmed (reorder-invariant)",
      "detail": "GW~0.0000 on reorder vs 0.0259 on cross-summary - GW is a relational, not order, instrument as the design states"
    },
    "E07-H35": {
      "verdict": "Confirmed",
      "detail": "FGW stays 0.0000..0.0002 across alpha on a reorder (=SMD), adds nothing; only the cross-summary pair varies with alpha"
    },
    "E07-H32": {
      "verdict": "Kept",
      "detail": "cross-block mass 0 at no-swap, rises to 0.251 at k=3; bounded [0,1] on paragraph-unit summaries"
    },
    "E07-H42": {
      "verdict": "Kept",
      "detail": "the cross-block mass IS the bounded [0,1] section variant; >=0 same-block, rises on swap"
    },
    "E07-H33": {
      "verdict": "Deferred (exploratory)",
      "detail": "hierarchical two-level HOTT transport not implemented this batch"
    },
    "E07-H36": {
      "verdict": "Exploratory",
      "detail": "Pearson rho=0.53 (95% CI [0.37,0.66]) - CI half-width exceeds the 0.3 margin, not confirmable on one article"
    },
    "E07-H37": {
      "verdict": "Reported",
      "detail": "tau-structure triangle-inequality violation rate 8% (it is a derived disorder, not claimed a metric - only GW/FGW are); cost tau 0.33ms vs SMD 0.08ms vs GW 0.30ms per pair"
    }
  },
  "config": {
    "n_bins": 6,
    "per_bin": 12,
    "bases": [
      "gold",
      "gold-2",
      "v1",
      "v2",
      "opus",
      "sonnet",
      "haiku",
      "werg-a",
      "werg-b",
      "werg-c"
    ],
    "chance_footrule": 0.6612037037037036,
    "regime": "byte-identical upper bound + cross-summary diffuse"
  }
}