{
  "results": {
    "E08-H44": {
      "lam_head": 0.25,
      "smd_recovery_max_abs": 2.19038269510044e-12,
      "mono_rho": 1.0,
      "mono_inv": 0,
      "triangle_viol": 0.0,
      "range_ratio": 2.9017018849788645,
      "range_by_lambda": {
        "0.0": -3.376609138738853e-05,
        "0.1": 1.9039638622018729,
        "0.25": 2.9017018849788645,
        "0.5": 3.5026649030493364
      },
      "range_footrule": 5.12098048409898,
      "range_offdiag": 5.856311279820581,
      "lam_clearing_both_e07": []
    },
    "E08-H45": {
      "alpha_sweep": 0.5,
      "alpha_curve": {
        "0.0": 0.00019139343304953594,
        "0.25": 0.01204865934943858,
        "0.5": 0.023905925268123088,
        "0.75": 0.03292018692127799,
        "1.0": 4.232725281383409e-17
      },
      "alpha_star": 0.75,
      "mono_rho": 0.4285714285714286,
      "mono_inv": 1,
      "triangle_viol": 0.0,
      "range_ratio": 0.2072965396776492,
      "pure_shift_fgw": 5.551115123125783e-18,
      "pure_shift_paug": 0.1490178266461341,
      "peak_bin": 4,
      "collapse_at_full_scramble": true,
      "fgw_per_bin_sweep_alpha": [
        0.0036634074964908,
        0.030326285099107852,
        0.04603686511457435,
        0.05509321352312138,
        0.05547228218790168,
        0.026908152137260825
      ]
    },
    "E08-H46": {
      "mono_rho": 1.0,
      "mono_inv": 0,
      "triangle_viol_equal_len": 0.0,
      "range_ratio": 5.061921854763798,
      "range_h1": 2.9017018849788645,
      "range_h2": 0.2072965396776492,
      "narrower_than_h1": false
    },
    "E08-H47": {
      "entropy_median_raw": 0.12796282351410931,
      "entropy_median_offline": 0.12473281532327114,
      "entropy_median_perpair": 0.12386607016939517,
      "smd_fidelity_pearson": 0.9669599167319437,
      "naive_margin_raw": 0.11789819376026274,
      "naive_margin_offline": 0.08220032840722497,
      "dynrange_raw": 0.15990041510060746,
      "dynrange_offline": 0.16612296566140117
    },
    "E08-H48": {
      "mono_rho_weighted": 1.0,
      "mono_inv_weighted": 0,
      "triangle_viol": 0.09333333333333334,
      "range_ratio_weighted": 3.747457019377068,
      "range_ratio_unweighted": 6.316968675658344,
      "range_offdiag": 5.856311279820581
    },
    "range_ratios": {
      "E08-H44 posaug (lam=.25)": 2.9017018849788645,
      "E08-H45 positional FGW": 0.2072965396776492,
      "E08-H46 opt-assign footrule": 5.061921854763798,
      "E08-H48 anti-mass weighted": 3.747457019377068,
      "E08-H48 anti-mass unweighted": 6.316968675658344,
      "E07 tau footrule": 5.12098048409898,
      "E07 off-diagonal mass": 5.856311279820581
    },
    "floor_sd": {
      "paug0.25": 0.06891910920354975,
      "fgw": 0.06532118413978037,
      "oaf": 0.16317884115331402,
      "antiW": 0.03765402481243971,
      "anti": 0.05187388653522631,
      "footrule": 0.16129695179150116,
      "offdiag": 0.13791975031518353
    },
    "adjacent_k1": {
      "paug0.25": 0.026792501013667758,
      "fgw": 0.01336729669723051,
      "oaf": 0.10281438289601554,
      "antiW": 0.013479684381710927,
      "anti": 0.04484333819455841,
      "footrule": 0.10281438289601554,
      "offdiag": 0.14836877408305982
    }
  },
  "verdicts": {
    "E08-H44": {
      "verdict": "Reported",
      "detail": "lam=0 reproduces SMD (max|delta|=2.2e-12); true metric (triangle 0.0%); Spearman 1.00/0 inv; range ratio scales with lambda {0.0: -0.0, 0.1: 1.9, 0.25: 2.9, 0.5: 3.5}; clears both E07 baselines (footrule 5.1, off-diag 5.9) at lambda [] - selection deferred"
    },
    "E08-H45": {
      "verdict": "Reported",
      "detail": "rises mid-range (unlike E07-H35 flat) but COLLAPSES at full scramble - peak at bin 4, drops to bin 5 (Spearman 0.43/1 inv); the GW isometry-invariance reasserts at extreme reorder (alpha=1 -> 0). triangle 0.0% (a metric); shift-invariant (pure-shift FGW 0.0000 ~0, posaug reads 0.149); interior alpha*=0.75; range ratio 0.2 (low, the collapse not the floor)"
    },
    "E08-H46": {
      "verdict": "Reported",
      "detail": "equal-length triangle violations 0.0% (a true metric on S_n, unlike the tau-footrule); Spearman 1.00/0 inv; range ratio 5.1 - narrower than H1 posaug (2.9) as designed, but wider than H2 FGW (0.2) which collapsed at full scramble"
    },
    "E08-H47": {
      "verdict": "Kept",
      "detail": "row-entropy raw 0.128 -> offline 0.125 (perpair 0.124); sharpened; SMD fidelity Pearson 0.97 (held); naive margin +0.118 -> +0.082"
    },
    "E08-H48": {
      "verdict": "Reported",
      "detail": "weighted Spearman 1.00/0 inv; triangle 9.3% vs tau-footrule's 3.5%; range ratio weighted 3.7 / unweighted 6.3 vs off-diag 5.9, H1 2.9, H2 0.2"
    }
  },
  "config": {
    "n_bins": 6,
    "per_bin": 12,
    "bases": [
      "gold",
      "gold-2",
      "v1",
      "v2",
      "opus",
      "sonnet",
      "haiku",
      "werg-a",
      "werg-b",
      "werg-c"
    ],
    "lambdas": [
      0.0,
      0.1,
      0.25,
      0.5
    ],
    "alphas": [
      0.0,
      0.25,
      0.5,
      0.75,
      1.0
    ],
    "alpha_sweep": 0.5,
    "lam_head": 0.25,
    "chance_footrule": 0.6612037037037036,
    "device": "NVIDIA RTX 5000 Ada Generation",
    "regime": "byte-identical reorder upper bound + cross-summary diffuse (paraphrase-floor proxy)"
  }
}