{
  "results": {
    "E10-H54": {
      "kind": "score",
      "metric_or_score": "score",
      "spearman": 0.4285714285714286,
      "top_bin_rising": false,
      "collapses": true,
      "shift_value": -6.938893903907228e-18,
      "shift_pass": true,
      "paraphrase_p95": 0.0,
      "paraphrase_median": 0.0,
      "content_pass": true,
      "triangle_viol": 0.04,
      "diffuse_median": 0.09288503223568156,
      "per_bin_mean": [
        0.007132195050748706,
        0.060459035922822126,
        0.09187995415412444,
        0.10999467197927072,
        0.11075224505497011,
        0.05362491084147205
      ]
    },
    "E10-H55": {
      "kind": "score",
      "metric_or_score": "score",
      "spearman": 1.0,
      "top_bin_rising": true,
      "collapses": false,
      "shift_value": 0.0004270759414630457,
      "shift_pass": true,
      "shift_note": "OPW is index-intrinsic; absolute shift is invisible to it",
      "paraphrase_p95": 0.0038583508745453324,
      "paraphrase_median": 0.001605298143437378,
      "content_pass": true,
      "triangle_viol": 0.12,
      "diffuse_median": 0.03874115754816276,
      "per_bin_mean": [
        0.030793801935744016,
        0.16175567560531512,
        0.27338131511605895,
        0.33572404183917753,
        0.3774638351387851,
        0.41182075820485975
      ],
      "opw_defaults": {
        "lambda1": 50.0,
        "lambda2": 0.1,
        "sigma": 1.0,
        "stabilization": "global log-max shift (transport-invariant; preserves lambda2=0.1)"
      }
    },
    "E10-H56": {
      "kind": "metric",
      "metric_or_score": "metric",
      "spearman": 1.0,
      "top_bin_rising": true,
      "collapses": false,
      "shift_value": 0.0,
      "shift_pass": true,
      "paraphrase_p95": 0.3275757575757576,
      "paraphrase_median": 0.029292929292929294,
      "content_pass": false,
      "triangle_viol_eqlen": 0.0,
      "triangle_viol_diffuse": 0.21333333333333335,
      "diffuse_median": 0.05952380952380952,
      "per_bin_mean": [
        0.027300569800569798,
        0.17847023347023344,
        0.28614940614940615,
        0.3825879675879676,
        0.457513505013505,
        0.6083167758167759
      ],
      "anchor_variant": {
        "spearman": 1.0,
        "top_bin_rising": true,
        "shift_value": 0.0,
        "paraphrase_p95": 0.0,
        "diffuse_median": 0.03869047619047619
      }
    },
    "E10-H57": {
      "kind": "metric",
      "metric_or_score": "metric",
      "spearman": 1.0,
      "top_bin_rising": true,
      "collapses": false,
      "shift_value": 0.0,
      "shift_pass": true,
      "paraphrase_p95": 0.3333333333333333,
      "paraphrase_median": 0.0,
      "content_pass": false,
      "triangle_viol_eqlen": 0.0,
      "triangle_viol_diffuse": 0.0,
      "diffuse_median": 0.0,
      "per_bin_mean": [
        0.002732822732822733,
        0.025484607984607985,
        0.03268389018389018,
        0.048004958004958,
        0.07095885595885595,
        0.09670810670810671
      ],
      "codebook_threshold": 0.6,
      "bootstrap_stability_ari": 1.0,
      "stability_pass": true,
      "mean_n_symbols": 2.1
    },
    "E10-H58": {
      "kind": "score",
      "metric_or_score": "score",
      "spearman": 1.0,
      "top_bin_rising": true,
      "collapses": false,
      "shift_value": 0.0,
      "shift_pass": true,
      "paraphrase_p95": 6.543348874977626,
      "paraphrase_median": 5.519596027790532,
      "content_pass": false,
      "triangle_viol": 0.0,
      "diffuse_median": 3.756796921936602,
      "gamma": 0.1,
      "per_bin_mean": [
        0.4152391189315542,
        1.9123626833462246,
        3.0061603959085432,
        3.645453912895464,
        4.187291856733528,
        4.69640410195474
      ]
    }
  },
  "verdicts": {
    "E10-H54": {
      "verdict": "Refuted",
      "applicability": "none",
      "metric_or_score": "score",
      "shift_pass": true,
      "monotone_pass": false,
      "content_pass": true,
      "combined_property": false,
      "triangle_zero": true,
      "beats_E08_H44_on_combined": false,
      "headline": "shift -6.94e-18 vs paraphrase p95 0 (PASS); Spearman 0.43, top bin COLLAPSES (FAIL); paraphrase median 0 (PASS); triangle 0"
    },
    "E10-H55": {
      "verdict": "Confirmed",
      "applicability": "medium",
      "metric_or_score": "score",
      "shift_pass": true,
      "monotone_pass": true,
      "content_pass": true,
      "combined_property": true,
      "triangle_zero": true,
      "beats_E08_H44_on_combined": true,
      "headline": "shift 0.000427 vs paraphrase p95 0.00386 (PASS); Spearman 1.00, top bin rises (PASS); paraphrase median 0.00161 (PASS); triangle 0"
    },
    "E10-H56": {
      "verdict": "Inconclusive",
      "applicability": "low",
      "metric_or_score": "metric",
      "shift_pass": true,
      "monotone_pass": true,
      "content_pass": false,
      "combined_property": true,
      "triangle_zero": true,
      "beats_E08_H44_on_combined": true,
      "headline": "shift 0 vs paraphrase p95 0.328 (PASS); Spearman 1.00, top bin rises (PASS); paraphrase median 0.0293 (FAIL); triangle 0"
    },
    "E10-H57": {
      "verdict": "Inconclusive",
      "applicability": "low",
      "metric_or_score": "metric",
      "shift_pass": true,
      "monotone_pass": true,
      "content_pass": false,
      "combined_property": true,
      "triangle_zero": true,
      "beats_E08_H44_on_combined": true,
      "headline": "shift 0 vs paraphrase p95 0.333 (PASS); Spearman 1.00, top bin rises (PASS); paraphrase median 0 (FAIL); triangle 0"
    },
    "E10-H58": {
      "verdict": "Inconclusive",
      "applicability": "low",
      "metric_or_score": "score",
      "shift_pass": true,
      "monotone_pass": true,
      "content_pass": false,
      "combined_property": true,
      "triangle_zero": true,
      "beats_E08_H44_on_combined": true,
      "headline": "shift 0 vs paraphrase p95 6.54 (PASS); Spearman 1.00, top bin rises (PASS); paraphrase median 5.52 (FAIL); triangle 0"
    }
  },
  "config": {
    "n_bins": 6,
    "per_bin": 12,
    "bases": [
      "gold",
      "gold-2",
      "v1",
      "v2",
      "opus",
      "sonnet",
      "haiku",
      "werg-a",
      "werg-b",
      "werg-c"
    ],
    "shifts": [
      2,
      4
    ],
    "gamma": 0.1,
    "opw": {
      "lambda1": 50.0,
      "lambda2": 0.1,
      "sigma": 1.0
    },
    "paraphrase_target_cos": 0.875,
    "paraphrase_realized_cos": 0.8748431004583835,
    "paraphrase_draws_per_base": 8,
    "codebook_threshold": 0.6,
    "lam_baseline": 0.25,
    "mono_bar": 0.9,
    "content_frac": 0.1,
    "device": "NVIDIA RTX 5000 Ada Generation",
    "baselines": {
      "posaug_combined_property": false,
      "posaug_shift_value": 0.10537151573916279,
      "posaug_shift_norm": 0.4646518272018017,
      "posaug_scramble_spearman": 1.0,
      "naive_combined_property": true,
      "naive_shift_value": 0.0,
      "naive_shift_norm": 0.0,
      "naive_scramble_spearman": 1.0
    },
    "winner": "h55",
    "confirmed": [
      "h55"
    ],
    "regime": "byte-identical reorder upper bound + pure-shift + embedding paraphrase proxy (true-paraphrase deferred, no API key) + cross-summary diffuse",
    "triangle_rates": {
      "h54": 0.04,
      "h55": 0.12,
      "h58": 0.0,
      "h56_eqlen": 0.0,
      "h56_diffuse": 0.21333333333333335,
      "h57_eqlen": 0.0,
      "h57_diffuse": 0.0
    }
  }
}