{
  "results": {
    "E10-H54": {
      "kind": "score",
      "metric_or_score": "score",
      "spearman": 0.3714285714285715,
      "top_bin_rising": false,
      "collapses": true,
      "shift_value": -3.469446951953614e-18,
      "shift_pass": true,
      "paraphrase_p95": 0.0,
      "paraphrase_median": 0.0,
      "content_pass": true,
      "triangle_viol": 0.03333333333333333,
      "diffuse_median": 0.09054175650079754,
      "per_bin_mean": [
        0.006979826727828717,
        0.06194233719808145,
        0.0915040123601562,
        0.1099786631672246,
        0.10980363451991823,
        0.047445619823991446
      ]
    },
    "E10-H55": {
      "kind": "score",
      "metric_or_score": "score",
      "spearman": 1.0,
      "top_bin_rising": true,
      "collapses": false,
      "shift_value": 0.00046591414372716846,
      "shift_pass": true,
      "shift_note": "OPW is index-intrinsic; absolute shift is invisible to it",
      "paraphrase_p95": 0.003849326238335704,
      "paraphrase_median": 0.001917496362569493,
      "content_pass": true,
      "triangle_viol": 0.16,
      "diffuse_median": 0.04539805289685564,
      "per_bin_mean": [
        0.03119015438200163,
        0.15745128574521472,
        0.2732513804703679,
        0.3326343216233281,
        0.3716529663228523,
        0.41161899713183997
      ],
      "opw_defaults": {
        "lambda1": 50.0,
        "lambda2": 0.1,
        "sigma": 1.0,
        "stabilization": "global log-max shift (transport-invariant; preserves lambda2=0.1)"
      }
    },
    "E10-H56": {
      "kind": "metric",
      "metric_or_score": "metric",
      "spearman": 1.0,
      "top_bin_rising": true,
      "collapses": false,
      "shift_value": 0.0,
      "shift_pass": true,
      "paraphrase_p95": 0.2892857142857141,
      "paraphrase_median": 0.046031746031746035,
      "content_pass": false,
      "triangle_viol_eqlen": 0.0,
      "triangle_viol_diffuse": 0.20666666666666667,
      "diffuse_median": 0.03571428571428571,
      "per_bin_mean": [
        0.02723970473970474,
        0.1817854367854368,
        0.282015762015762,
        0.3765195915195915,
        0.44862137862137863,
        0.6069272394272395
      ],
      "anchor_variant": {
        "spearman": 1.0,
        "top_bin_rising": true,
        "shift_value": 0.0,
        "paraphrase_p95": 0.0,
        "diffuse_median": 0.12658730158730158
      }
    },
    "E10-H57": {
      "kind": "metric",
      "metric_or_score": "metric",
      "spearman": 1.0,
      "top_bin_rising": true,
      "collapses": false,
      "shift_value": 0.0,
      "shift_pass": true,
      "paraphrase_p95": 0.16666666666666666,
      "paraphrase_median": 0.0,
      "content_pass": false,
      "triangle_viol_eqlen": 0.0,
      "triangle_viol_diffuse": 0.0,
      "diffuse_median": 0.0,
      "per_bin_mean": [
        0.002385114885114885,
        0.020447052947052947,
        0.02995337995337995,
        0.04999278499278499,
        0.06790653790653792,
        0.09791181041181041
      ],
      "codebook_threshold": 0.6,
      "bootstrap_stability_ari": 1.0,
      "stability_pass": true,
      "mean_n_symbols": 2.1
    },
    "E10-H58": {
      "kind": "score",
      "metric_or_score": "score",
      "spearman": 1.0,
      "top_bin_rising": true,
      "collapses": false,
      "shift_value": 0.0,
      "shift_pass": true,
      "paraphrase_p95": 6.533806831437267,
      "paraphrase_median": 5.741796844565643,
      "content_pass": false,
      "triangle_viol": 0.0,
      "diffuse_median": 3.9610811473528953,
      "gamma": 0.1,
      "per_bin_mean": [
        0.4326045552394001,
        1.88536191649929,
        3.0874598274179963,
        3.7339171850467383,
        4.220336698423402,
        4.812519713049387
      ]
    }
  },
  "verdicts": {
    "E10-H54": {
      "verdict": "Refuted",
      "applicability": "none",
      "metric_or_score": "score",
      "shift_pass": true,
      "monotone_pass": false,
      "content_pass": true,
      "combined_property": false,
      "triangle_zero": true,
      "beats_E08_H44_on_combined": false,
      "headline": "shift -3.47e-18 vs paraphrase p95 0 (PASS); Spearman 0.37, top bin COLLAPSES (FAIL); paraphrase median 0 (PASS); triangle 0"
    },
    "E10-H55": {
      "verdict": "Confirmed",
      "applicability": "medium",
      "metric_or_score": "score",
      "shift_pass": true,
      "monotone_pass": true,
      "content_pass": true,
      "combined_property": true,
      "triangle_zero": true,
      "beats_E08_H44_on_combined": true,
      "headline": "shift 0.000466 vs paraphrase p95 0.00385 (PASS); Spearman 1.00, top bin rises (PASS); paraphrase median 0.00192 (PASS); triangle 0"
    },
    "E10-H56": {
      "verdict": "Inconclusive",
      "applicability": "low",
      "metric_or_score": "metric",
      "shift_pass": true,
      "monotone_pass": true,
      "content_pass": false,
      "combined_property": true,
      "triangle_zero": true,
      "beats_E08_H44_on_combined": true,
      "headline": "shift 0 vs paraphrase p95 0.289 (PASS); Spearman 1.00, top bin rises (PASS); paraphrase median 0.046 (FAIL); triangle 0"
    },
    "E10-H57": {
      "verdict": "Inconclusive",
      "applicability": "low",
      "metric_or_score": "metric",
      "shift_pass": true,
      "monotone_pass": true,
      "content_pass": false,
      "combined_property": true,
      "triangle_zero": true,
      "beats_E08_H44_on_combined": true,
      "headline": "shift 0 vs paraphrase p95 0.167 (PASS); Spearman 1.00, top bin rises (PASS); paraphrase median 0 (FAIL); triangle 0"
    },
    "E10-H58": {
      "verdict": "Inconclusive",
      "applicability": "low",
      "metric_or_score": "score",
      "shift_pass": true,
      "monotone_pass": true,
      "content_pass": false,
      "combined_property": true,
      "triangle_zero": true,
      "beats_E08_H44_on_combined": true,
      "headline": "shift 0 vs paraphrase p95 6.53 (PASS); Spearman 1.00, top bin rises (PASS); paraphrase median 5.74 (FAIL); triangle 0"
    }
  },
  "config": {
    "n_bins": 6,
    "per_bin": 12,
    "bases": [
      "gold",
      "gold-2",
      "v1",
      "v2",
      "opus",
      "sonnet",
      "haiku",
      "werg-a",
      "werg-b",
      "werg-c"
    ],
    "shifts": [
      2,
      4
    ],
    "gamma": 0.1,
    "opw": {
      "lambda1": 50.0,
      "lambda2": 0.1,
      "sigma": 1.0
    },
    "paraphrase_target_cos": 0.875,
    "paraphrase_realized_cos": 0.8749153696000576,
    "paraphrase_draws_per_base": 8,
    "codebook_threshold": 0.6,
    "lam_baseline": 0.25,
    "mono_bar": 0.9,
    "content_frac": 0.1,
    "device": "NVIDIA RTX PRO 6000 Blackwell Max-Q Workstation Edition",
    "baselines": {
      "posaug_combined_property": false,
      "posaug_shift_value": 0.10284987071751776,
      "posaug_shift_norm": 0.4595721855176844,
      "posaug_scramble_spearman": 1.0,
      "naive_combined_property": true,
      "naive_shift_value": 0.0,
      "naive_shift_norm": 0.0,
      "naive_scramble_spearman": 1.0
    },
    "winner": "h55",
    "confirmed": [
      "h55"
    ],
    "regime": "byte-identical reorder upper bound + pure-shift + embedding paraphrase proxy (true-paraphrase deferred, no API key) + cross-summary diffuse",
    "triangle_rates": {
      "h54": 0.03333333333333333,
      "h55": 0.16,
      "h58": 0.0,
      "h56_eqlen": 0.0,
      "h56_diffuse": 0.20666666666666667,
      "h57_eqlen": 0.0,
      "h57_diffuse": 0.0
    }
  }
}