{
 "winner": "H55",
 "rubric": {
  "content_invariance": {
   "H44": 0.6788984744316436,
   "H55": 0.004402923371106541,
   "bar": 0.1,
   "pass": {
    "H44": false,
    "H55": true
   },
   "note": "paraphrase reading / scramble top-bin; lower is better"
  },
  "translation_invariance": {
   "H44": 0.46755671292581413,
   "H55": 0.0010540597312743692,
   "pass": {
    "H44": false,
    "H55": true
   },
   "note": "pure-shift reading / scramble top-bin; lower is better"
  },
  "scramble_monotone": {
   "H44": true,
   "H55": true
  },
  "metric": {
   "H44": 0.0,
   "H55": 0.155,
   "note": "triangle-violation rate; H44 metric, H55 score"
  },
  "cross_article": {
   "H44": {
    "wergeland": 0.2245182313219647,
    "ibm": 0.226214322937744
   },
   "H55": {
    "wergeland": 0.39613321705351673,
    "ibm": 0.4142116406268094
   }
  }
 },
 "paraphrase": {
  "by_kind": {
   "SMD": {
    "ab_regen": 0.26228,
    "backtranslation": 0.1633
   },
   "H44": {
    "ab_regen": 0.24953,
    "backtranslation": 0.14143
   },
   "H55": {
    "ab_regen": 0.03243,
    "backtranslation": 0.00091
   }
  }
 },
 "scramble": {
  "wergeland": {
   "H44": [
    0.01039,
    0.0623,
    0.10967,
    0.14874,
    0.18697,
    0.22452
   ],
   "H55": [
    0.03301,
    0.12994,
    0.27568,
    0.34117,
    0.37866,
    0.39613
   ]
  },
  "ibm": {
   "H44": [
    0.01316,
    0.06433,
    0.1103,
    0.1501,
    0.18606,
    0.22621
   ],
   "H55": [
    0.04546,
    0.15229,
    0.26253,
    0.34766,
    0.38402,
    0.41421
   ]
  }
 },
 "shift": {
  "H44": {
   "ibm": 0.10718,
   "wergeland": 0.10116
  },
  "H55": {
   "ibm": 0.0004,
   "wergeland": 0.0005
  }
 },
 "diffuse": {
  "ibm": {
   "n": 55,
   "H44_median": 0.3467387972087827,
   "H55_median": 0.04133729001468478
  },
  "wergeland": {
   "n": 3,
   "H44_median": 0.36669762509115555,
   "H55_median": 0.030874334533997905
  }
 },
 "triangle": {
  "H44": 0.0,
  "H55": 0.155
 },
 "config": {
  "lambda": 0.25,
  "opw": {
   "l1": 50.0,
   "l2": 0.1,
   "sigma": 1.0
  },
  "content_bar": 0.1,
  "device": "NVIDIA RTX 5000 Ada Generation",
  "bases": [
   "gold",
   "gold-2",
   "v1",
   "v2",
   "opus",
   "sonnet",
   "haiku",
   "werg-a",
   "werg-b",
   "werg-c"
  ],
  "n_paraphrase_pairs": 14
 }
}