{
 "winner": "H55",
 "rubric": {
  "content_invariance": {
   "H44": 0.6153331430319001,
   "H55": 0.0037877414798159893,
   "bar": 0.1,
   "pass": {
    "H44": false,
    "H55": true
   },
   "note": "paraphrase reading / scramble top-bin; lower is better"
  },
  "translation_invariance": {
   "H44": 0.45932448127614806,
   "H55": 0.0011468255519274928,
   "pass": {
    "H44": false,
    "H55": true
   },
   "note": "pure-shift reading / scramble top-bin; lower is better"
  },
  "scramble_monotone": {
   "H44": true,
   "H55": true
  },
  "metric": {
   "H44": 0.0,
   "H55": 0.15,
   "note": "triangle-violation rate; H44 metric, H55 score"
  },
  "cross_article": {
   "H44": {
    "ibm": 0.2233371193289732,
    "wergeland": 0.22449387993223943
   },
   "H55": {
    "ibm": 0.4161136102703846,
    "wergeland": 0.39641475194494474
   }
  }
 },
 "paraphrase": {
  "by_kind": {
   "SMD": {
    "ab_regen": 0.22663,
    "backtranslation": 0.15229
   },
   "H44": {
    "ab_regen": 0.21198,
    "backtranslation": 0.13188
   },
   "H55": {
    "ab_regen": 0.02443,
    "backtranslation": 0.00112
   }
  }
 },
 "scramble": {
  "ibm": {
   "H44": [
    0.01236,
    0.06213,
    0.10694,
    0.14773,
    0.18501,
    0.22334
   ],
   "H55": [
    0.04208,
    0.15158,
    0.25493,
    0.33811,
    0.38618,
    0.41611
   ]
  },
  "wergeland": {
   "H44": [
    0.01035,
    0.06228,
    0.10966,
    0.14872,
    0.18699,
    0.22449
   ],
   "H55": [
    0.03302,
    0.13004,
    0.27583,
    0.34135,
    0.37885,
    0.39641
   ]
  }
 },
 "shift": {
  "H44": {
   "ibm": 0.10358,
   "wergeland": 0.10116
  },
  "H55": {
   "ibm": 0.00045,
   "wergeland": 0.00049
  }
 },
 "diffuse": {
  "ibm": {
   "n": 55,
   "H44_median": 0.34502706183047854,
   "H55_median": 0.048113941893086376
  },
  "wergeland": {
   "n": 3,
   "H44_median": 0.36682367993467946,
   "H55_median": 0.030960484398296406
  }
 },
 "triangle": {
  "H44": 0.0,
  "H55": 0.15
 },
 "config": {
  "lambda": 0.25,
  "opw": {
   "l1": 50.0,
   "l2": 0.1,
   "sigma": 1.0
  },
  "content_bar": 0.1,
  "device": "NVIDIA RTX PRO 6000 Blackwell Max-Q Workstation Edition",
  "bases": [
   "gold",
   "gold-2",
   "v1",
   "v2",
   "opus",
   "sonnet",
   "haiku",
   "werg-a",
   "werg-b",
   "werg-c"
  ],
  "n_paraphrase_pairs": 14
 }
}