{
  "n_statements": 301,
  "embed_batch": 64,
  "waste_input": 2.580144853317726,
  "waste_bucketed": 1.2735386641305142,
  "volume_reclaimed": 0.5064080753090621,
  "max_abs_delta": 0.007280170917510986,
  "mean_cosine": 0.9999884366989136,
  "ms_input": 2180.8944270014763,
  "ms_bucketed": 1132.1271909982897,
  "cpu_cut": 0.48088858544388247
}